key,module,page,component,slot,text,notes,status
header.auth.sign_in_aria,shared,*,InsforgeUserHeaderControls,sign_in_aria,"Sign in",,active
login.back_home,shared,LoginPage,LoginPage,back_home,"Back to home",,active
login.cloud_only,shared,LoginPage,LoginPage,cloud_only,"Cloud sign-in is not configured. Use the local dashboard on localhost.",,active
login.title,shared,LoginPage,LoginPage,title,"Sign in",,active
login.subtitle,shared,LoginPage,LoginPage,subtitle,"Choose email or a connected account.",,active
login.dismiss,shared,LoginPage,LoginPage,dismiss,"Dismiss",,active
login.verify_email_success,shared,LoginPage,LoginPage,verify_ok,"Email verified. You can sign in below.",,active
login.verify_email_pending,shared,LoginPage,LoginPage,verify_pending,"Check your email to verify your account, then sign in.",,active
login.oauth.continue,shared,LoginPage,LoginPage,oauth_continue,"Continue with {{provider}}",,active
login.divider,shared,LoginPage,LoginPage,divider,"Or",,active
login.tab.sign_in,shared,LoginPage,LoginPage,tab_sign_in,"Sign in",,active
login.tab.sign_up,shared,LoginPage,LoginPage,tab_sign_up,"Create account",,active
login.field.name,shared,LoginPage,LoginPage,field_name,"Display name",,active
login.field.name_placeholder,shared,LoginPage,LoginPage,name_placeholder,"Optional",,active
login.field.email,shared,LoginPage,LoginPage,field_email,"Email",,active
login.field.password,shared,LoginPage,LoginPage,field_password,"Password",,active
login.password_hint,shared,LoginPage,LoginPage,pw_hint,"At least {{min}} characters.",,active
login.submit.sign_in,shared,LoginPage,LoginPage,submit_sign_in,"Sign in with email",,active
login.submit.sign_up,shared,LoginPage,LoginPage,submit_sign_up,"Create account",,active
login_modal.subtitle,shared,*,LoginModal,subtitle,"Sign in to join the leaderboard",,active
login_modal.continue_email,shared,*,LoginModal,continue_email,"Continue with Email",,active
login_modal.divider_email,shared,*,LoginModal,divider_email,"email",,active
shared.placeholder.short,shared,*,*,placeholder_short,"--",,active
shared.unit.percent,shared,*,*,unit_percent,"%",,active
shared.unit.thousand_abbrev,shared,*,*,unit_thousand_abbrev,"K",,active
shared.unit.million_abbrev,shared,*,*,unit_million_abbrev,"M",,active
shared.unit.billion_abbrev,shared,*,*,unit_billion_abbrev,"B",,active
shared.data_source,shared,*,*,label,"Data source: {{source}}",,active
shared.error.prefix,shared,*,*,label,"Error: {{error}}",,active
shared.status.unsynced,shared,*,*,status,"—",,active
error.boundary.title,shared,*,ErrorBoundary,title,"Something went wrong",,active
error.boundary.subtitle,shared,*,ErrorBoundary,subtitle,"This view failed to render",,active
error.boundary.hint,shared,*,ErrorBoundary,hint,"Open the console, then reload the page",,active
error.boundary.no_details,shared,*,ErrorBoundary,details,"No error details",,active
error.boundary.action.reload,shared,*,ErrorBoundary,action_reload,"Reload",,active

landing.handle.default,landing,LandingPage,LandingPage,handle_default,"VIBE_USER",,active
landing.handle.special,landing,LandingPage,LandingPage,handle_special,"VOLT",,active
landing.screenshot.alt,landing,LandingPage,LandingPage,screenshot_alt,"TokenTracker dashboard screenshot",,active
landing.nav.login,landing,LandingPage,LandingPage,nav_login,"LOGIN",,active
landing.nav.signup,landing,LandingPage,LandingPage,nav_signup,"SIGN UP",,active
landing.install.command,landing,LandingPage,LandingPage,install_command,"npx --yes tokentracker-cli",,active
landing.install.action.copy,landing,LandingPage,LandingPage,install_copy,"COPY COMMAND",,active
landing.install.action.copied,landing,LandingPage,LandingPage,install_copied,"COPIED",,active
landing.meta.title,landing,LandingPage,Meta,title,"Token Tracker — Token Usage Tracker for AI Agent CLIs",,active
landing.meta.description,landing,LandingPage,Meta,description,"Automatically monitor token usage across Claude Code, Cursor, Codex, and more. Local-first, privacy-focused, and zero manual configuration.",,active
landing.meta.og_site_name,landing,LandingPage,Meta,og_site_name,"Token Tracker",,active
landing.meta.og_type,landing,LandingPage,Meta,og_type,"website",,active
landing.meta.og_image,landing,LandingPage,Meta,og_image,"https://www.tokentracker.cc/dashboard-dark.png",,active
landing.meta.og_url,landing,LandingPage,Meta,og_url,"https://www.tokentracker.cc/",,active
landing.meta.twitter_card,landing,LandingPage,Meta,twitter_card,"summary_large_image",,active
share.meta.title,share,SharePage,Meta,title,"Token Tracker Share",,active
share.meta.description,share,SharePage,Meta,description,"Share a Token Tracker dashboard snapshot with token usage insights across models, projects, and time windows.",,active
share.meta.og_site_name,share,SharePage,Meta,og_site_name,"Token Tracker",,active
share.meta.og_type,share,SharePage,Meta,og_type,"website",,active
share.meta.og_image,share,SharePage,Meta,og_image,"https://www.tokentracker.cc/dashboard-dark.png",,active
share.meta.og_url,share,SharePage,Meta,og_url,"https://www.tokentracker.cc/share",,active
share.meta.twitter_card,share,SharePage,Meta,twitter_card,"summary_large_image",,active
landing.handle.placeholder,landing,LandingPage,LandingPage,handle_placeholder,"TRY '{{handle}}'",,active
landing.rank.expectation,landing,LandingPage,LandingPage,rank_expectation,"RANK_EXPECTATION: {{rank}}",,active
landing.rank.singularity,landing,LandingPage,LandingPage,rank_singularity,"APEX",,active
landing.rank.unranked,landing,LandingPage,LandingPage,rank_unranked,"UNRANKED",,active
landing.cta.primary,landing,LandingPage,LandingPage,cta_primary,"View Dashboard",,active
landing.cta.secondary,landing,LandingPage,LandingPage,cta_secondary,"GITHUB SOURCE",,active






landing.v2.hero.title_line1,landing,LandingPage,MarketingLanding,hero_title_1,"TRACK ALL YOUR",,active
landing.v2.hero.title_line2,landing,LandingPage,MarketingLanding,hero_title_2,"AI TOKENS",,active
landing.v2.install.mac_cta,landing,LandingPage,MarketingLanding,mac_cta,"MAC APP (DMG)",,active
landing.v2.models.title,landing,LandingPage,MarketingLanding,models_title,"SUPPORTED AI CLI TOOLS",,active
landing.v2.compare.kicker,landing,LandingPage,MarketingLanding,compare_kicker,"SEAMLESS TRACKING",,active
landing.v2.compare.title,landing,LandingPage,MarketingLanding,compare_title,"Stop guessing your AI usage.",,active
landing.v2.compare.subtitle,landing,LandingPage,MarketingLanding,compare_subtitle,"AI CLI tools hide your usage data in obscure local files. TokenTracker aggregates them into a single, beautiful dashboard in real-time.",,active
landing.v2.distill.body,landing,LandingPage,MarketingLanding,distill_body,"100% local processing. No prompts or code are ever collected.",,active
landing.v2.compare.with.title,landing,LandingPage,MarketingLanding,with_title,"WITH TOKEN TRACKER",,active
landing.v2.compare.with.p1,landing,LandingPage,MarketingLanding,with_p1,"Centralized usage dashboard",,active
landing.v2.compare.with.p2,landing,LandingPage,MarketingLanding,with_p2,"Real-time token metrics",,active
landing.v2.compare.with.p3,landing,LandingPage,MarketingLanding,with_p3,"100% local, privacy-guaranteed",,active
landing.v2.compare.without.title,landing,LandingPage,MarketingLanding,without_title,"WITHOUT IT",,active
landing.v2.compare.without.p1,landing,LandingPage,MarketingLanding,without_p1,"Scattered JSON log files",,active
landing.v2.compare.without.p2,landing,LandingPage,MarketingLanding,without_p2,"Blind to token consumption",,active
landing.v2.compare.without.p3,landing,LandingPage,MarketingLanding,without_p3,"Unexpected API bills",,active
landing.v2.footer.line,landing,LandingPage,MarketingLanding,footer_line,"Token Tracker — Made by developers, for developers.",,active
landing.v2.nav.github,landing,LandingPage,MarketingLanding,nav_github,"GITHUB",,active
landing.v2.models.agent.codex,landing,LandingPage,MarketingLanding,agent_codex,"CODEX",,active
landing.v2.models.agent.claude_code,landing,LandingPage,MarketingLanding,agent_claude_code,"CLAUDE CODE",,active
landing.v2.models.agent.cursor,landing,LandingPage,MarketingLanding,agent_cursor,"CURSOR",,active
landing.v2.models.agent.gemini,landing,LandingPage,MarketingLanding,agent_gemini,"GEMINI",,active
landing.v2.models.agent.opencode,landing,LandingPage,MarketingLanding,agent_opencode,"OPENCODE",,active
landing.v2.models.agent.openclaw,landing,LandingPage,MarketingLanding,agent_openclaw,"OPENCLAW",,active
landing.v2.cta.primary,landing,LandingPage,MarketingLanding,cta_primary,"Open Dashboard",,active
landing.v2.hero.subtagline,landing,LandingPage,MarketingLanding,hero_subtagline,"Automatically monitor token usage across Claude Code, Cursor, Codex, and more. Local-first, privacy-focused, and zero manual configuration.",,active




identity_card.rank_label,ui,IdentityCard,IdentityCard,rank_label,"Started",,active
identity_card.streak_label,ui,IdentityCard,IdentityCard,streak_label,"Active days",,active
identity_card.rank_placeholder,ui,IdentityCard,IdentityCard,rank_placeholder,"—",,active
identity_card.streak_value,ui,IdentityCard,IdentityCard,streak_value,"{{days}} DAY",,active


dashboard.core_index.collapse_label,dashboard,DashboardPage,UsagePanel,toggle,"▾",,active
dashboard.core_index.expand_label,dashboard,DashboardPage,UsagePanel,toggle,"▸",,active
dashboard.core_index.collapse_aria,dashboard,DashboardPage,UsagePanel,toggle_aria,"Collapse model breakdown",,active
dashboard.core_index.expand_aria,dashboard,DashboardPage,UsagePanel,toggle_aria,"Expand model breakdown",,active
usage.summary.total,ui,UsagePanel,UsagePanel,summary_label_total,"Total tokens",,active
usage.metric.total,ui,UsagePanel,UsagePanel,metric_total,"Total",,active
usage.metric.input,ui,UsagePanel,UsagePanel,metric_input,"Input",,active
usage.metric.output,ui,UsagePanel,UsagePanel,metric_output,"Output",,active
usage.metric.cached_input,ui,UsagePanel,UsagePanel,metric_cached_input,"Cached input",,active
usage.metric.reasoning_output,ui,UsagePanel,UsagePanel,metric_reasoning_output,"Reasoning output",,active
usage.button.refresh,ui,UsagePanel,UsagePanel,button_refresh,"Refresh",,active

dashboard.rolling.title,ui,RollingUsagePanel,RollingUsagePanel,title,"Recent Activity",,active
dashboard.rolling.last_7d,ui,RollingUsagePanel,RollingUsagePanel,label_last_7d,"Last 7 days",,active
dashboard.rolling.last_30d,ui,RollingUsagePanel,RollingUsagePanel,label_last_30d,"Last 30 days",,active
dashboard.rolling.avg_active_day,ui,RollingUsagePanel,RollingUsagePanel,label_avg_active_day,"Daily average",,active

dashboard.projects.title,ui,ProjectUsagePanel,ProjectUsagePanel,title,"Project Usage",,active
dashboard.projects.tokens_label,ui,ProjectUsagePanel,ProjectUsagePanel,tokens_label,"Tokens",,active
dashboard.projects.stars_label,ui,ProjectUsagePanel,ProjectUsagePanel,stars_label,"STAR",,active
dashboard.projects.limit_label,ui,ProjectUsagePanel,ProjectUsagePanel,limit_label,"Show",,active
dashboard.projects.limit_aria,ui,ProjectUsagePanel,ProjectUsagePanel,limit_aria,"Select repository limit",,active
dashboard.projects.limit_top_3,ui,ProjectUsagePanel,ProjectUsagePanel,limit_top_3,"TOP 3",,active
dashboard.projects.limit_top_6,ui,ProjectUsagePanel,ProjectUsagePanel,limit_top_6,"TOP 6",,active
dashboard.projects.limit_top_10,ui,ProjectUsagePanel,ProjectUsagePanel,limit_top_10,"TOP 10",,active
dashboard.projects.empty,ui,ProjectUsagePanel,ProjectUsagePanel,empty,"No public repositories",,active
dashboard.widgets.title,dashboard,DashboardPage,WidgetOnboardingCard,title,"Desktop Widgets",,active
dashboard.widgets.hint,dashboard,DashboardPage,WidgetOnboardingCard,hint,"Right-click your desktop → Edit Widgets → search ""TokenTracker""",,active
dashboard.widgets.dismiss_aria,dashboard,DashboardPage,WidgetOnboardingCard,dismiss_aria,"Dismiss widget intro",,active
widgets.page.title,dashboard,WidgetsPage,WidgetsPage,title,"Widgets",,active
widgets.cta.open_gallery,dashboard,WidgetsPage,WidgetsPage,cta_open_gallery,"Open Widget Gallery",,active
widgets.cta.download,dashboard,WidgetsPage,WidgetsPage,cta_download,"Download Mac App",,active
widgets.cta.macos_only,dashboard,WidgetsPage,WidgetsPage,cta_macos_only,"macOS only",,active
widgets.menubar.section.title,dashboard,WidgetsPage,WidgetsPage,menubar_section_title,"Menu Bar",,active
widgets.gallery.section.title,dashboard,WidgetsPage,WidgetsPage,gallery_section_title,"Desktop Widgets",,active
widgets.summary.name,dashboard,WidgetsPage,WidgetsPage,summary_name,"Usage Summary",,active
widgets.summary.description,dashboard,WidgetsPage,WidgetsPage,summary_desc,"Today and seven-day usage with a compact sparkline.",,active
widgets.heatmap.name,dashboard,WidgetsPage,WidgetsPage,heatmap_name,"Activity Heatmap",,active
widgets.heatmap.description,dashboard,WidgetsPage,WidgetsPage,heatmap_desc,"GitHub-style daily calendar. Spot streaks and quiet days at a glance.",,active
widgets.topModels.name,dashboard,WidgetsPage,WidgetsPage,topmodels_name,"Top Models",,active
widgets.topModels.description,dashboard,WidgetsPage,WidgetsPage,topmodels_desc,"Your heaviest-used models ranked by token share.",,active
widgets.limits.name,dashboard,WidgetsPage,WidgetsPage,limits_name,"Usage Limits",,active
widgets.limits.description,dashboard,WidgetsPage,WidgetsPage,limits_desc,"Live rate-limit progress for Claude, Codex, Cursor, Gemini and more.",,active
dashboard.cost_breakdown.title,ui,CostAnalysisModal,CostAnalysisModal,title,"Cost Breakdown",,active
dashboard.cost_breakdown.total_label,ui,CostAnalysisModal,CostAnalysisModal,total_label,"Estimated Total Cost",,active
dashboard.cost_breakdown.close,ui,CostAnalysisModal,CostAnalysisModal,close_label,"Close",,active


trend.monitor.label,ui,TrendMonitor,TrendMonitor,label,"Usage Trend",,active

heatmap.title,ui,ActivityHeatmap,ActivityHeatmap,title,"Activity Heatmap",,active
heatmap.empty,ui,ActivityHeatmap,ActivityHeatmap,empty_state,"No activity data yet.",,active
heatmap.legend.less,ui,ActivityHeatmap,ActivityHeatmap,legend_less,"Less",,active
heatmap.legend.more,ui,ActivityHeatmap,ActivityHeatmap,legend_more,"More",,active
heatmap.legend.utc,ui,ActivityHeatmap,ActivityHeatmap,legend_utc,"UTC",,active
heatmap.tooltip,ui,ActivityHeatmap,ActivityHeatmap,tooltip,"{{day}} • {{value}} {{unit}} • {{tz}}",,active
heatmap.unit.tokens,ui,ActivityHeatmap,ActivityHeatmap,unit_tokens,"tokens",,active
heatmap.month.jan,ui,ActivityHeatmap,ActivityHeatmap,month_label,"Jan",,active
heatmap.month.feb,ui,ActivityHeatmap,ActivityHeatmap,month_label,"Feb",,active
heatmap.month.mar,ui,ActivityHeatmap,ActivityHeatmap,month_label,"Mar",,active
heatmap.month.apr,ui,ActivityHeatmap,ActivityHeatmap,month_label,"Apr",,active
heatmap.month.may,ui,ActivityHeatmap,ActivityHeatmap,month_label,"May",,active
heatmap.month.jun,ui,ActivityHeatmap,ActivityHeatmap,month_label,"Jun",,active
heatmap.month.jul,ui,ActivityHeatmap,ActivityHeatmap,month_label,"Jul",,active
heatmap.month.aug,ui,ActivityHeatmap,ActivityHeatmap,month_label,"Aug",,active
heatmap.month.sep,ui,ActivityHeatmap,ActivityHeatmap,month_label,"Sep",,active
heatmap.month.oct,ui,ActivityHeatmap,ActivityHeatmap,month_label,"Oct",,active
heatmap.month.nov,ui,ActivityHeatmap,ActivityHeatmap,month_label,"Nov",,active
heatmap.month.dec,ui,ActivityHeatmap,ActivityHeatmap,month_label,"Dec",,active
heatmap.day.sun,ui,ActivityHeatmap,ActivityHeatmap,day_label,"Sun",,active
heatmap.day.mon,ui,ActivityHeatmap,ActivityHeatmap,day_label,"Mon",,active
heatmap.day.tue,ui,ActivityHeatmap,ActivityHeatmap,day_label,"Tue",,active
heatmap.day.wed,ui,ActivityHeatmap,ActivityHeatmap,day_label,"Wed",,active
heatmap.day.thu,ui,ActivityHeatmap,ActivityHeatmap,day_label,"Thu",,active
heatmap.day.fri,ui,ActivityHeatmap,ActivityHeatmap,day_label,"Fri",,active
heatmap.day.sat,ui,ActivityHeatmap,ActivityHeatmap,day_label,"Sat",,active




daily.sort.date.label,dashboard,DashboardPage,DailyTable,sort_label,"Date",,active
daily.sort.date.title,dashboard,DashboardPage,DailyTable,sort_title,"Sort by Date",,active
daily.sort.total.label,dashboard,DashboardPage,DailyTable,sort_label,"Total",,active
daily.sort.total.title,dashboard,DashboardPage,DailyTable,sort_title,"Sort by Total",,active
daily.sort.input.label,dashboard,DashboardPage,DailyTable,sort_label,"Input",,active
daily.sort.input.title,dashboard,DashboardPage,DailyTable,sort_title,"Sort by Input",,active
daily.sort.output.label,dashboard,DashboardPage,DailyTable,sort_label,"Output",,active
daily.sort.output.title,dashboard,DashboardPage,DailyTable,sort_title,"Sort by Output",,active
daily.sort.cached.label,dashboard,DashboardPage,DailyTable,sort_label,"Cached",,active
daily.sort.cached.title,dashboard,DashboardPage,DailyTable,sort_title,"Sort by Cached input",,active
daily.sort.reasoning.label,dashboard,DashboardPage,DailyTable,sort_label,"Reasoning",,active
daily.sort.reasoning.title,dashboard,DashboardPage,DailyTable,sort_title,"Sort by Reasoning output",,active
daily.sort.conversations.label,dashboard,DashboardPage,DailyTable,sort_label,"Convs",,active
daily.sort.conversations.title,dashboard,DashboardPage,DailyTable,sort_title,"Sort by Conversations",,active
details.pagination.prev,dashboard,DashboardPage,DailyTable,pagination_prev,"Prev",,active
details.pagination.next,dashboard,DashboardPage,DailyTable,pagination_next,"Next",,active



leaderboard.profile.nav.back,dashboard,LeaderboardProfilePage,Header,nav_back,"$ Leaderboard",,active
leaderboard.title,dashboard,LeaderboardPage,LeaderboardPage,title,"Leaderboard",,active
leaderboard.range,dashboard,LeaderboardPage,LeaderboardPage,range,"UTC {{period}} · {{from}} – {{to}}",,active
leaderboard.range_loading,dashboard,LeaderboardPage,LeaderboardPage,range_loading,"UTC {{period}} · …",,active
leaderboard.range.total,dashboard,LeaderboardPage,LeaderboardPage,range_total,"All time",,active
leaderboard.generated_at,dashboard,LeaderboardPage,LeaderboardPage,generated_at,"Updated {{ts}}",,active
leaderboard.period.week,dashboard,LeaderboardPage,LeaderboardPage,period_week,"Week",,active
leaderboard.period.month,dashboard,LeaderboardPage,LeaderboardPage,period_month,"Month",,active
leaderboard.period.total,dashboard,LeaderboardPage,LeaderboardPage,period_total,"All",,active

leaderboard.me_label,dashboard,LeaderboardPage,LeaderboardPage,me_label,"You",,active
leaderboard.anon_label,dashboard,LeaderboardPage,LeaderboardPage,anon_label,"Anonymous",,active
leaderboard.error.unknown,dashboard,LeaderboardPage,LeaderboardPage,error_unknown,"Unknown error",,active



leaderboard.loading,dashboard,LeaderboardPage,LeaderboardPage,state_loading,"Loading…",,active
leaderboard.empty,dashboard,LeaderboardPage,LeaderboardPage,state_empty,"No data",,active

leaderboard.column.rank,dashboard,LeaderboardPage,LeaderboardPage,column_rank,"Rank",,active
leaderboard.column.user,dashboard,LeaderboardPage,LeaderboardPage,column_user,"User",,active
leaderboard.column.total,dashboard,LeaderboardPage,LeaderboardPage,column_total,"Total",,active
leaderboard.column.codex,dashboard,LeaderboardPage,LeaderboardPage,column_codex,"Codex",,active
leaderboard.column.claude,dashboard,LeaderboardPage,LeaderboardPage,column_claude,"Claude",,active
leaderboard.column.gemini,dashboard,LeaderboardPage,LeaderboardPage,column_gemini,"Gemini",,active
leaderboard.column.cursor,dashboard,LeaderboardPage,LeaderboardPage,column_cursor,"Cursor",,active
leaderboard.column.opencode,dashboard,LeaderboardPage,LeaderboardPage,column_opencode,"OpenCode",,active
leaderboard.column.openclaw,dashboard,LeaderboardPage,LeaderboardPage,column_openclaw,"OpenClaw",,active
leaderboard.column.hermes,dashboard,LeaderboardPage,LeaderboardPage,column_hermes,"Hermes",,active
leaderboard.column.kiro,dashboard,LeaderboardPage,LeaderboardPage,column_kiro,"Kiro",,active
leaderboard.column.copilot,dashboard,LeaderboardPage,LeaderboardPage,column_copilot,"GitHub Copilot",,active
leaderboard.column.kimi,dashboard,LeaderboardPage,LeaderboardPage,column_kimi,"Kimi Code",,active
limits.copilot.otelHint.title,dashboard,LimitsPage,LimitsPage,otel_hint_title,"Track Copilot token usage",,active
limits.copilot.otelHint.body,dashboard,LimitsPage,LimitsPage,otel_hint_body,"Limits load via your GitHub OAuth token. To also record per-token usage, enable Copilot's OpenTelemetry export and add these lines to your shell profile (~/.zshrc or ~/.bashrc):",,active
limits.copilot.otelHint.copy,dashboard,LimitsPage,LimitsPage,otel_hint_copy,"Copy",,active
limits.copilot.otelHint.copied,dashboard,LimitsPage,LimitsPage,otel_hint_copied,"Copied",,active
leaderboard.column.supplemental,dashboard,LeaderboardPage,LeaderboardPage,column_supplemental,"Supplemental",,active


leaderboard.pagination.prev,dashboard,LeaderboardPage,LeaderboardPage,pagination_prev,"Previous",,active
leaderboard.pagination.next,dashboard,LeaderboardPage,LeaderboardPage,pagination_next,"Next",,active
leaderboard.pagination.ellipsis,dashboard,LeaderboardPage,LeaderboardPage,pagination_ellipsis,"…",,active
leaderboard.pagination.page_unknown,dashboard,LeaderboardPage,LeaderboardPage,pagination_unknown,"Page {{page}}",,active




dashboard.session_expired.copy_label,dashboard,DashboardPage,AsciiBox,body,"run npx --yes tokentracker-cli init",,active
dashboard.session_expired.copied,dashboard,DashboardPage,AsciiBox,body,"copied",,active


dashboard.install.prompt,dashboard,DashboardPage,AsciiBox,install_prompt,"Install Node.js 18+ then run:",,active
dashboard.install.cmd.init,dashboard,DashboardPage,AsciiBox,install_cmd,"npx --yes tokentracker-cli init",,active
dashboard.install.cmd.init_link_code,dashboard,DashboardPage,AsciiBox,install_cmd,"npx --yes tokentracker-cli init --link-code {{link_code}}",,active
dashboard.install.copy,dashboard,DashboardPage,AsciiBox,install_copy,"Copy install command",,active
dashboard.install.copy_base,dashboard,DashboardPage,AsciiBox,install_copy,"Copy init command",,active
dashboard.install.copied,dashboard,DashboardPage,AsciiBox,install_copy,"Copied to clipboard",,active
dashboard.install.link_code.loading,dashboard,DashboardPage,AsciiBox,install_status,"Generating private code...",,active
dashboard.install.link_code.failed,dashboard,DashboardPage,AsciiBox,install_status,"Private code unavailable",,active
dashboard.install.cmd.sync,dashboard,DashboardPage,AsciiBox,install_cmd,"npx --yes tokentracker-cli sync",,active



dashboard.daily.title,dashboard,DashboardPage,AsciiBox,title,"Daily Breakdown",,active
dashboard.daily.empty,dashboard,DashboardPage,AsciiBox,empty_state,"No data yet. Use your AI CLI then run {{cmd}}.",,active

dashboard.identity.title,dashboard,DashboardPage,IdentityCard,title,"Your Profile",,active
dashboard.identity.subtitle,dashboard,DashboardPage,IdentityCard,subtitle,"Track your coding journey",,active
dashboard.identity.fallback,dashboard,DashboardPage,IdentityCard,handle_fallback,"Anonymous",,active


dashboard.screenshot.title_line1,dashboard,DashboardPage,ScreenshotTitle,title_line,"Coding Agent",,active
dashboard.screenshot.title_line2,dashboard,DashboardPage,ScreenshotTitle,title_line,"2025 Wrapped",,active
dashboard.screenshot.twitter_button,dashboard,DashboardPage,ScreenshotShare,button_label,"Share on X",,active
dashboard.screenshot.twitter_label,dashboard,DashboardPage,ScreenshotShare,aria_label,"Share on X",,active
dashboard.screenshot.twitter_hint,dashboard,DashboardPage,ScreenshotShare,helper_text,"Auto-copies image to clipboard",,active
dashboard.screenshot.twitter_text,dashboard,DashboardPage,ScreenshotShare,share_text,"{{total_tokens}} tokens on the record.\n{{model_name}} led with {{model_percent}}%.\n\nMy AI usage, unaudited →\ntokentracker.cc",,active

nav.usage,shared,*,Sidebar,nav_usage,"Tokens",,active
nav.limits,shared,*,Sidebar,nav_limits,"Limits",,active
nav.widgets,shared,*,Sidebar,nav_widgets,"macOS Widgets",,active
nav.leaderboard,shared,*,Sidebar,nav_leaderboard,"Leaderboard",,active
nav.collapse,shared,*,Sidebar,nav_collapse,"Collapse sidebar",,active
nav.expand,shared,*,Sidebar,nav_expand,"Expand sidebar",,active
nav.menu,shared,*,Sidebar,nav_menu,"Open navigation menu",,active
nav.close_menu,shared,*,Sidebar,nav_close_menu,"Close navigation menu",,active
nav.aside_label,shared,*,Sidebar,aside_label,"Main navigation",,active
nav.nav_label,shared,*,Sidebar,nav_label,"Primary",,active
limits.page.subtitle,ui,LimitsPage,LimitsPage,subtitle,"Rate limits and quota usage across your AI tools.",,active
limits.settings.toggle_visible,ui,LimitsPage,LimitsSettingsPanel,toggle_visible,"Toggle visibility",,active
limits.page.openSettings,ui,LimitsPage,LimitsPage,open_settings,"Display settings",,active
nav.group.general,shared,*,Sidebar,group_general,"General",,active
nav.group.tools,shared,*,Sidebar,group_tools,"Tools",,active
nav.group.account,shared,*,Sidebar,group_account,"Account",,active
nav.settings,shared,*,Sidebar,nav_settings,"Settings",,active
header.auth.open_settings,shared,*,InsforgeUserHeaderControls,open_settings,"Open settings",,active
settings.page.title,ui,SettingsPage,SettingsPage,title,"Settings",,active
settings.page.subtitle,ui,SettingsPage,SettingsPage,subtitle,"Manage your account, appearance, and display preferences.",,active
settings.section.appearance,ui,SettingsPage,SettingsPage,sec_appearance,"Appearance",,active
settings.section.account,ui,SettingsPage,SettingsPage,sec_account,"Account",,active
settings.section.limits,ui,SettingsPage,SettingsPage,sec_limits,"Limits Display",,active
settings.appearance.theme.label,ui,SettingsPage,SettingsPage,theme_label,"Theme",,active
settings.appearance.theme.hint,ui,SettingsPage,SettingsPage,theme_hint,"Choose how Token Tracker looks across the dashboard.",,active
settings.appearance.theme.light,ui,SettingsPage,SettingsPage,theme_light,"Light",,active
settings.appearance.theme.dark,ui,SettingsPage,SettingsPage,theme_dark,"Dark",,active
settings.appearance.theme.system,ui,SettingsPage,SettingsPage,theme_system,"System",,active
settings.account.displayName,ui,SettingsPage,SettingsPage,display_name,"Display name",,active
settings.account.edit,ui,SettingsPage,SettingsPage,edit,"Edit",,active
settings.account.save,ui,SettingsPage,SettingsPage,save,"Save",,active
settings.account.saving,ui,SettingsPage,SettingsPage,saving,"Saving...",,active
settings.account.cancel,ui,SettingsPage,SettingsPage,cancel,"Cancel",,active
settings.account.cloudSync,ui,SettingsPage,SettingsPage,cloud_sync,"Cloud sync",,active
settings.account.cloudSyncHint,ui,SettingsPage,SettingsPage,cloud_sync_hint,"Upload local usage to your Token Tracker cloud account.",,active
settings.account.publicProfile,ui,SettingsPage,SettingsPage,public_profile,"Public profile",,active
settings.account.publicProfileHint,ui,SettingsPage,SettingsPage,public_profile_hint,"Show your usage on the public leaderboard.",,active
settings.account.displayNameAnonymousHint,ui,SettingsPage,SettingsPage,display_name_anon_hint,"Anonymous — your name and avatar are hidden on the leaderboard",,active
settings.account.displayNameDisabledWhileAnon,ui,SettingsPage,SettingsPage,display_name_disabled,"Turn on the switch first to edit your name",,active
settings.account.githubUrl,ui,SettingsPage,SettingsPage,github_url,"GitHub profile",,active
settings.account.githubUrlHint,ui,SettingsPage,SettingsPage,github_url_hint,"Show a GitHub link next to your name on the leaderboard.",,active
settings.account.githubUrlPlaceholder,ui,SettingsPage,SettingsPage,github_url_placeholder,"username or https://github.com/username",,active
settings.account.githubUrlInvalid,ui,SettingsPage,SettingsPage,github_url_invalid,"Use a GitHub username or https://github.com/username URL.",,active
leaderboard.github.aria,ui,LeaderboardPage,LeaderboardPage,github_aria,"Open GitHub profile",,active
auth.callback.processing,ui,*,NativeAuthCallbackPage,processing,"Processing…",,active
auth.callback.success,ui,*,NativeAuthCallbackPage,success,"Signed in successfully",,active
auth.callback.redirecting,ui,*,NativeAuthCallbackPage,redirecting,"Returning to TokenTracker…",,active
auth.callback.failed,ui,*,NativeAuthCallbackPage,failed,"Sign-in incomplete. Please try again.",,active
auth.callback.close,ui,*,NativeAuthCallbackPage,close,"Close this page",,active
stats.period.today,ui,DashboardPage,StatsPanel,period_today,"today",,active
stats.period.week,ui,DashboardPage,StatsPanel,period_week,"week",,active
stats.period.month,ui,DashboardPage,StatsPanel,period_month,"month",,active
stats.period.all,ui,DashboardPage,StatsPanel,period_all,"all",,active
stats.period.convs,ui,DashboardPage,StatsPanel,period_convs,"convs",,active
leaderboard.column.est_cost,ui,LeaderboardPage,LeaderboardPage,column_est_cost,"Est. Cost",,active
leaderboard.signin_prompt,ui,LeaderboardPage,LeaderboardPage,signin_prompt,"Sign in to join the leaderboard",,active
leaderboard.signin_button,ui,LeaderboardPage,LeaderboardPage,signin_button,"Sign In",,active
leaderboard.sync_prompt,ui,LeaderboardPage,LeaderboardPage,sync_prompt,"Enable Cloud Sync to appear in rankings",,active
leaderboard.sync_button.idle,ui,LeaderboardPage,LeaderboardPage,sync_button_idle,"Enable & Sync",,active
leaderboard.sync_button.busy,ui,LeaderboardPage,LeaderboardPage,sync_button_busy,"Syncing...",,active
leaderboard.pagination.page_size_label,ui,LeaderboardPage,LeaderboardPage,page_size_label,"Rows per page",,active
leaderboard.github.tooltipAction,ui,LeaderboardPage,LeaderboardPage,github_tooltip_action,"Click to open GitHub profile",,active
leaderboard.github.tooltipPrefix,ui,LeaderboardPage,LeaderboardPage,github_tooltip_prefix,"Set yours in",,active
leaderboard.github.tooltipSettingsLink,ui,LeaderboardPage,LeaderboardPage,github_tooltip_link,"Settings",,active
leaderboard.github.tooltipSuffix,ui,LeaderboardPage,LeaderboardPage,github_tooltip_suffix," to appear here",,active
settings.account.signOut,ui,SettingsPage,SettingsPage,sign_out,"Sign out",,active
settings.account.signIn,ui,SettingsPage,SettingsPage,sign_in,"Sign in",,active
settings.account.signedOutHint,ui,SettingsPage,SettingsPage,signed_out_hint,"Sign in to manage cloud sync and leaderboard preferences.",,active
settings.section.menubar,ui,SettingsPage,SettingsPage,sec_menubar,"Menu Bar App",,active
settings.menubar.showStats,ui,SettingsPage,SettingsPage,mb_show_stats,"Show stats in menu bar",,active
settings.menubar.showStatsHint,ui,SettingsPage,SettingsPage,mb_show_stats_hint,"Display today's token count and cost beside the menu bar icon.",,active
settings.menubar.animatedIcon,ui,SettingsPage,SettingsPage,mb_anim,"Animated icon",,active
settings.menubar.animatedIconHint,ui,SettingsPage,SettingsPage,mb_anim_hint,"Blink the Clawd character and play the syncing animation in the menu bar.",,active
settings.menubar.launchAtLogin,ui,SettingsPage,SettingsPage,mb_login,"Launch at login",,active
settings.menubar.launchAtLoginHint,ui,SettingsPage,SettingsPage,mb_login_hint,"Start TokenTrackerBar automatically when you sign in to macOS.",,active
settings.menubar.syncNow,ui,SettingsPage,SettingsPage,mb_sync_now,"Sync now",,active
settings.menubar.syncNowHint,ui,SettingsPage,SettingsPage,mb_sync_now_hint,"Trigger an immediate parse and upload of local AI tool logs.",,active
settings.menubar.syncing,ui,SettingsPage,SettingsPage,mb_syncing,"Syncing…",,active
settings.menubar.updates,ui,SettingsPage,SettingsPage,mb_updates,"Updates",,active
settings.menubar.checkUpdates,ui,SettingsPage,SettingsPage,mb_check_updates,"Check for updates",,active
menubar.slot.primary,ui,WidgetsPage,MenuBarDisplayCard,slot_primary,"Primary slot",,active
menubar.slot.secondary,ui,WidgetsPage,MenuBarDisplayCard,slot_secondary,"Secondary slot",,active
menubar.native_only,ui,WidgetsPage,MenuBarDisplayCard,native_only,"Open TokenTrackerBar for macOS to edit the live menu bar display.",,active
menubar.metric.today_tokens,ui,WidgetsPage,MenuBarDisplayCard,metric_today_tokens,"Today Tokens",,active
menubar.metric.today_cost,ui,WidgetsPage,MenuBarDisplayCard,metric_today_cost,"Today Cost",,active
menubar.metric.last_7d_tokens,ui,WidgetsPage,MenuBarDisplayCard,metric_last_7d,"Last 7 Days",,active
menubar.metric.total_tokens,ui,WidgetsPage,MenuBarDisplayCard,metric_total_tokens,"Total Tokens",,active
menubar.metric.total_cost,ui,WidgetsPage,MenuBarDisplayCard,metric_total_cost,"Total Cost",,active
menubar.metric.claude_5h,ui,WidgetsPage,MenuBarDisplayCard,metric_claude_5h,"Claude 5h Limit",,active
menubar.metric.claude_7d,ui,WidgetsPage,MenuBarDisplayCard,metric_claude_7d,"Claude 7d Limit",,active
menubar.metric.codex_5h,ui,WidgetsPage,MenuBarDisplayCard,metric_codex_5h,"Codex 5h Limit",,active
menubar.metric.codex_7d,ui,WidgetsPage,MenuBarDisplayCard,metric_codex_7d,"Codex 7d Limit",,active
share.modal.title,share,DashboardPage,ShareModal,title,"Share your stats",,active
share.modal.subtitle,share,DashboardPage,ShareModal,subtitle,"Generate a poster-style card and share anywhere.",,active
share.modal.close,share,DashboardPage,ShareModal,close,"Close",,active
share.modal.action.x,share,DashboardPage,ShareModal,action_x,"Share on X",,active
share.modal.action.download,share,DashboardPage,ShareModal,action_download,"Download",,active
share.modal.action.copy,share,DashboardPage,ShareModal,action_copy,"Copy image",,active
share.modal.hint.x,share,DashboardPage,ShareModal,hint_x,"Paste image in tweet",,active
share.modal.hint.copy,share,DashboardPage,ShareModal,hint_copy,"to clipboard",,active
share.modal.name_label,share,DashboardPage,ShareModal,name_label,"Display name",,active
share.modal.name_placeholder,share,DashboardPage,ShareModal,name_placeholder,"Enter your name",,active
share.modal.footer,share,DashboardPage,ShareModal,footer,"Your data stays local — images are generated in your browser and never uploaded.",,active
share.button.label,share,DashboardPage,DashboardHeader,share_button,"Share",,active
share.button.aria,share,DashboardPage,DashboardHeader,share_button_aria,"Open share card",,active
share.toast.copied,share,DashboardPage,ShareModal,toast_copied,"Image copied to clipboard",,active
share.toast.downloaded,share,DashboardPage,ShareModal,toast_downloaded,"Image saved",,active
share.toast.failed,share,DashboardPage,ShareModal,toast_failed,"Couldn't generate image",,active
share.toast.working,share,DashboardPage,ShareModal,toast_working,"Generating…",,active
share.modal.style_label,share,DashboardPage,ShareModal,style_label,"Style",,active
share.variant.neon,share,DashboardPage,ShareModal,variant_neon,"Neon",,active
share.variant.broadsheet,share,DashboardPage,ShareModal,variant_broadsheet,"Broadsheet",,active
share.date.month_year,share,DashboardPage,ShareCard,date_month_year,"{{month}} {{year}}",,active
share.issue.all_time,share,DashboardPage,ShareCard,issue_all_time,"ALL TIME",,active
share.month_short.jan,share,DashboardPage,ShareCard,month_short,"JAN",,active
share.month_short.feb,share,DashboardPage,ShareCard,month_short,"FEB",,active
share.month_short.mar,share,DashboardPage,ShareCard,month_short,"MAR",,active
share.month_short.apr,share,DashboardPage,ShareCard,month_short,"APR",,active
share.month_short.may,share,DashboardPage,ShareCard,month_short,"MAY",,active
share.month_short.jun,share,DashboardPage,ShareCard,month_short,"JUN",,active
share.month_short.jul,share,DashboardPage,ShareCard,month_short,"JUL",,active
share.month_short.aug,share,DashboardPage,ShareCard,month_short,"AUG",,active
share.month_short.sep,share,DashboardPage,ShareCard,month_short,"SEP",,active
share.month_short.oct,share,DashboardPage,ShareCard,month_short,"OCT",,active
share.month_short.nov,share,DashboardPage,ShareCard,month_short,"NOV",,active
share.month_short.dec,share,DashboardPage,ShareCard,month_short,"DEC",,active
share.hook.top_loyal,share,DashboardPage,ShareCard,hook_top_loyal,"{{percent}}% loyal to {{name}}.",,active
share.hook.days_record,share,DashboardPage,ShareCard,hook_days_record,"{{days}} days on the record.",,active
share.hook.top_led,share,DashboardPage,ShareCard,hook_top_led,"Led by {{name}} ({{percent}}%).",,active
share.hook.multi_models,share,DashboardPage,ShareCard,hook_multi_models,"Across {{count}} models, {{days}} days.",,active
share.hook.days_with_model,share,DashboardPage,ShareCard,hook_days_with_model,"{{days}} days with {{name}}.",,active
share.hook.new_chapter,share,DashboardPage,ShareCard,hook_new_chapter,"The beginning of a new chapter.",,active
share.card.broadsheet.issue,share,DashboardPage,BroadsheetCard,issue_label,"Issue",,active
share.card.broadsheet.by,share,DashboardPage,BroadsheetCard,by_label,"By",,active
share.card.broadsheet.tracked_since,share,DashboardPage,BroadsheetCard,tracked_since,"Tracked since",,active
share.card.broadsheet.total_tokens,share,DashboardPage,BroadsheetCard,total_tokens,"Total tokens",,active
share.card.broadsheet.estimated_spend,share,DashboardPage,BroadsheetCard,estimated_spend,"Estimated spend",,active
share.card.broadsheet.billable_days,share,DashboardPage,BroadsheetCard,billable_days,"{{days}} billable days",,active
share.card.broadsheet.heatmap_title,share,DashboardPage,BroadsheetCard,heatmap_title,"The Year in Print",,active
share.card.broadsheet.heatmap_days_on_record,share,DashboardPage,BroadsheetCard,heatmap_days,"{{active}} / {{total}} days on record",,active
share.card.broadsheet.roster_title,share,DashboardPage,BroadsheetCard,roster_title,"The Roster",,active
share.card.broadsheet.roster_subtitle,share,DashboardPage,BroadsheetCard,roster_subtitle,"Models in regular rotation",,active
share.card.broadsheet.empty,share,DashboardPage,BroadsheetCard,empty,"An empty week — the press was quiet.",,active
share.card.broadsheet.global_rank,share,DashboardPage,BroadsheetCard,global_rank,"Global rank",,active
share.card.broadsheet.active_days,share,DashboardPage,BroadsheetCard,active_days,"Active",,active
share.card.broadsheet.days_count,share,DashboardPage,BroadsheetCard,days_count,"{{days}} days",,active
share.card.broadsheet.track_yours,share,DashboardPage,BroadsheetCard,track_yours,"Track yours",,active
share.card.annual.report_title,share,DashboardPage,AnnualReportCard,report_title,"Token Report",,active
share.card.annual.less,share,DashboardPage,AnnualReportCard,legend_less,"Less",,active
share.card.annual.more,share,DashboardPage,AnnualReportCard,legend_more,"More",,active
share.card.annual.heatmap_title,share,DashboardPage,AnnualReportCard,heatmap_title,"TOKEN USAGE HEATMAP",,active
share.card.annual.total_tokens,share,DashboardPage,AnnualReportCard,total_tokens,"Total Tokens",,active
share.card.annual.estimated_cost,share,DashboardPage,AnnualReportCard,estimated_cost,"Estimated Cost",,active
share.card.annual.longest_streak,share,DashboardPage,AnnualReportCard,longest_streak,"Longest Streak",,active
share.card.annual.days_count,share,DashboardPage,AnnualReportCard,days_count,"{{days}} days",,active
share.card.annual.top_model,share,DashboardPage,AnnualReportCard,top_model,"Top Model",,active
usage.period.day,ui,DashboardPage,UsageOverview,period_day,"Day",,active
usage.period.week,ui,DashboardPage,UsageOverview,period_week,"Week",,active
usage.period.month,ui,DashboardPage,UsageOverview,period_month,"Month",,active
usage.period.total,ui,DashboardPage,UsageOverview,period_total,"Total",,active
usage.period.custom,ui,DashboardPage,UsageOverview,period_custom,"Custom",,active
usage.overview.tablist_aria,ui,DashboardPage,UsageOverview,tablist_aria,"Time period",,active
usage.overview.cost_breakdown_aria,ui,DashboardPage,UsageOverview,cost_breakdown_aria,"View cost breakdown",,active
usage.overview.distribution_aria,ui,DashboardPage,UsageOverview,distribution_aria,"Provider distribution: {{items}}",,active
usage.overview.distribution_item,ui,DashboardPage,UsageOverview,distribution_item,"{{label}} {{percent}}%",,active
usage.overview.provider_card_aria,ui,DashboardPage,UsageOverview,provider_card_aria,"{{provider}}: {{percent}}%, {{tokens}} tokens, {{cost}}. Click to {{action}} details",,active
usage.overview.expand,ui,DashboardPage,UsageOverview,expand,"expand",,active
usage.overview.collapse,ui,DashboardPage,UsageOverview,collapse,"collapse",,active
usage.overview.model_count,ui,DashboardPage,UsageOverview,model_count,"{{count}} models",,active
usage.overview.model_details_aria,ui,DashboardPage,UsageOverview,model_details_aria,"{{provider}} model details",,active
limits.panel.title,ui,LimitsPage,UsageLimitsPanel,title,"Usage Limits",,active
limits.label.cursor_plan,ui,LimitsPage,UsageLimitsPanel,cursor_plan,"Plan",,active
limits.label.cursor_auto,ui,LimitsPage,UsageLimitsPanel,cursor_auto,"Auto",,active
limits.label.cursor_api,ui,LimitsPage,UsageLimitsPanel,cursor_api,"API",,active
limits.label.kiro_month,ui,LimitsPage,UsageLimitsPanel,kiro_month,"Month",,active
limits.label.kiro_bonus,ui,LimitsPage,UsageLimitsPanel,kiro_bonus,"Bonus",,active
limits.label.kimi_weekly,ui,LimitsPage,UsageLimitsPanel,kimi_weekly,"Weekly",,active
limits.label.kimi_5h,ui,LimitsPage,UsageLimitsPanel,kimi_5h,"5h",,active
limits.label.kimi_total,ui,LimitsPage,UsageLimitsPanel,kimi_total,"Total",,active
limits.label.kimi_parallel,ui,LimitsPage,UsageLimitsPanel,kimi_parallel,"Parallel: {{count}}",,active
limits.label.copilot_premium,ui,LimitsPage,UsageLimitsPanel,copilot_premium,"Premium",,active
limits.label.copilot_chat,ui,LimitsPage,UsageLimitsPanel,copilot_chat,"Chat",,active
limits.status.not_connected,ui,LimitsPage,UsageLimitsPanel,status_not_connected,"Not connected",,active
limits.status.no_data,ui,LimitsPage,UsageLimitsPanel,status_no_data,"No live limit data returned",,active
limits.status.all_hidden,ui,LimitsPage,UsageLimitsPanel,status_all_hidden,"All limit providers are hidden. Open display settings to show them.",,active
shared.time.now,shared,*,Shared,time_now,"now",,active
nav.ip_check,shared,*,Sidebar,nav_ip_check,Claude IP Check,,active
nav.skills,shared,*,Sidebar,nav_skills,Skills,,active
skills.page.title,ui,SkillsPage,SkillsPage,title,Skills,,active
skills.tab.my,ui,SkillsPage,SkillsPage,tab_my,My Skills,,active
skills.tab.browse,ui,SkillsPage,SkillsPage,tab_browse,Browse,,active
skills.action.refresh,ui,SkillsPage,SkillsPage,action_refresh,Refresh,,active
skills.action.install,ui,SkillsPage,SkillCard,action_install,Install,,active
skills.action.install_to,ui,SkillsPage,SkillCard,action_install_to,"Install to {{count}} Agents",,active
skills.action.choose_targets,ui,SkillsPage,SkillCard,action_choose_targets,"Choose targets",,active
skills.target.menu_label,ui,SkillsPage,SkillCard,target_menu_label,"Install to",,active
skills.target.none,ui,SkillsPage,SkillsPage,target_none,"no targets",,active
skills.toast.installed,ui,SkillsPage,SkillsPage,toast_installed,"Installed {{name}} to {{targets}}.",,active
skills.action.remove,ui,SkillsPage,SkillsPage,action_remove,Remove,,active
skills.action.search,ui,SkillsPage,SkillsPage,action_search,Search,,active
skills.card.installed,ui,SkillsPage,SkillCard,card_installed,Installed,,active
skills.my.count,ui,SkillsPage,SkillsPage,my_count,"{{count}} skills",,active
skills.target.toggle_aria,ui,SkillsPage,InstalledSkillRow,target_toggle_aria,"Toggle {{target}}",,active
skills.target.sync_title,ui,SkillsPage,InstalledSkillRow,target_sync_title,"Enable in {{target}}",,active
skills.target.remove_title,ui,SkillsPage,InstalledSkillRow,target_remove_title,"Disable in {{target}}",,active
skills.card.installs,ui,SkillsPage,SkillCard,installs,"{{count}} installs",,active
skills.source.label,ui,SkillsPage,SkillsPage,source_label,Source,,active
skills.source.all,ui,SkillsPage,SkillsPage,source_all,All repositories,,active
skills.mode.repo,ui,SkillsPage,SkillsPage,mode_repo,Repositories,,active
skills.mode.skillssh,ui,SkillsPage,SkillsPage,mode_skillssh,skills.sh,,active
skills.browse.placeholder_all,ui,SkillsPage,SkillsPage,browse_placeholder_all,"Search across enabled repositories…",,active
skills.browse.placeholder_repo,ui,SkillsPage,SkillsPage,browse_placeholder_repo,"Search in {{repo}}…",,active
skills.browse.placeholder_skillssh,ui,SkillsPage,SkillsPage,browse_placeholder_skillssh,"Search the skills.sh registry…",,active
skills.browse.empty_sources,ui,SkillsPage,SkillsPage,browse_empty_sources,"Add a GitHub repository below to start browsing skills.",,active
skills.browse.manage_sources,ui,SkillsPage,SkillsPage,browse_manage_sources,Manage sources,,active
skills.browse.hint_skillssh,ui,SkillsPage,SkillsPage,browse_hint_skillssh,"Type at least 2 characters to search skills.sh.",,active
skills.browse.loading_hint,ui,SkillsPage,SkillsPage,browse_loading_hint,"Fetching skill metadata from GitHub. First load can take up to a minute; results are cached.",,active
skills.error.generic,ui,SkillsPage,SkillsPage,error_generic,"Skill operation failed.",,active
skills.confirm.remove_title,ui,SkillsPage,SkillsPage,confirm_remove_title,"Remove {{name}}?",,active
skills.confirm.remove_managed,ui,SkillsPage,SkillsPage,confirm_remove_managed,"This skill will be removed from every connected AI tool. You'll have a few seconds to undo.",,active
skills.confirm.remove_local,ui,SkillsPage,SkillsPage,confirm_remove_local,"This will delete the skill folder on disk from every connected AI tool. This cannot be undone.",,active
skills.toast.removed,ui,SkillsPage,SkillsPage,toast_removed,"Removed {{name}}.",,active
shared.action.undo,shared,*,Shared,action_undo,"Undo",,active
shared.action.cancel,shared,*,Shared,action_cancel,"Cancel",,active
skills.empty.my,ui,SkillsPage,SkillsPage,empty_my,"No skills yet. Open Discover to search and install.",,active
skills.empty.my_cta,ui,SkillsPage,SkillsPage,empty_my_cta,"Browse",,active
skills.empty.browse,ui,SkillsPage,SkillsPage,empty_browse,"No skills found for this source.",,active
skills.empty.search,ui,SkillsPage,SkillsPage,empty_search,"No results. Try a different query.",,active
skills.repo.placeholder,ui,SkillsPage,SkillsPage,repo_placeholder,"owner/repository",,active
skills.repo.add,ui,SkillsPage,SkillsPage,repo_add,"Add repository",,active
skills.repo.invalid,ui,SkillsPage,SkillsPage,repo_invalid,"Use owner/repository or a GitHub repository URL.",,active
skills.repo.remove,ui,SkillsPage,RepoRow,repo_remove,"Remove repository",,active
settings.appearance.language.label,ui,SettingsPage,SettingsPage,language_label,Language,,active
settings.appearance.language.hint,ui,SettingsPage,SettingsPage,language_hint,Use System to follow your computer language by default.,,active
settings.appearance.language.system,ui,SettingsPage,SettingsPage,language_system,System,,active
settings.appearance.language.english,ui,SettingsPage,SettingsPage,language_english,English,,active
settings.appearance.language.chinese,ui,SettingsPage,SettingsPage,language_chinese,Simplified Chinese,,active
dashboard.context_breakdown.empty,dashboard,DashboardPage,ContextBreakdownPanel,empty,"No Claude Code activity in the selected period.",,active
dashboard.context_breakdown.empty_codex,dashboard,DashboardPage,ContextBreakdownPanel,empty_codex,"No Codex activity in the selected period.",,active
dashboard.context_breakdown.error,dashboard,DashboardPage,ContextBreakdownPanel,error,"Couldn't read Claude Code logs for this view.",,active
dashboard.context_breakdown.error_codex,dashboard,DashboardPage,ContextBreakdownPanel,error_codex,"Couldn't read Codex logs for this view.",,active
dashboard.context_breakdown.bar_aria,dashboard,DashboardPage,ContextBreakdownPanel,bar_aria,"Token distribution: {{summary}}",,active
dashboard.context_breakdown.system_prefix_tooltip,dashboard,DashboardPage,ContextBreakdownPanel,tooltip,"System prompt, tools schema, skills, rules, and MCP descriptions are cached together as one prefix and can't be separated from the logs.",,active
dashboard.context_breakdown.footnote,dashboard,DashboardPage,ContextBreakdownPanel,footnote,"Approximate: cache reads accumulate across turns, so conversation history dominates over time. Only Claude Code logs expose the per-message detail this view requires.",,active
dashboard.context_breakdown.footnote_codex,dashboard,DashboardPage,ContextBreakdownPanel,footnote_codex,"Codex uses non-overlapping token buckets here. Tool and exec drill-downs are separate heuristic attributions over the same turns.",,active
dashboard.context_breakdown.category.system_prompt,dashboard,DashboardPage,ContextBreakdownPanel,cat,"System prompt",,active
dashboard.context_breakdown.category.messages,dashboard,DashboardPage,ContextBreakdownPanel,cat,"Messages",,active
dashboard.context_breakdown.category.tool_calls,dashboard,DashboardPage,ContextBreakdownPanel,cat,"Tool calls",,active
dashboard.context_breakdown.category.custom_agents,dashboard,DashboardPage,ContextBreakdownPanel,cat,"Custom agents",,active
dashboard.context_breakdown.category.reasoning,dashboard,DashboardPage,ContextBreakdownPanel,cat,"Reasoning",,active
dashboard.context_breakdown.category.skills,dashboard,DashboardPage,ContextBreakdownPanel,cat,"Skills",,active
dashboard.context_breakdown.loading_aria,dashboard,DashboardPage,ContextBreakdownPanel,loading_aria,"Loading context breakdown",,active
dashboard.context_breakdown.loading_hint,dashboard,DashboardPage,ContextBreakdownPanel,loading_hint,"Scanning Claude Code session logs…",,active
dashboard.context_breakdown.tool_details.total_column,dashboard,DashboardPage,ContextBreakdownPanel,tool_details_total_column,"Total",,active
dashboard.context_breakdown.tool_details.unavailable_codex,dashboard,DashboardPage,ContextBreakdownPanel,tool_details_unavailable_codex,"Tool-level Codex details are unavailable for this period; showing queue totals only.",,active
dashboard.context_breakdown.message_details.title,dashboard,DashboardPage,ContextBreakdownPanel,message_details_title,"Message details",,active
dashboard.context_breakdown.message_details.note,dashboard,DashboardPage,ContextBreakdownPanel,message_details_note,"Aggregated only — message text is not stored.",,active
dashboard.context_breakdown.message_details.category_column,dashboard,DashboardPage,ContextBreakdownPanel,message_details_category_column,"Category",,active
dashboard.context_breakdown.message_details.user_input,dashboard,DashboardPage,ContextBreakdownPanel,message_details_user_input,"User input",,active
dashboard.context_breakdown.message_details.conversation_history,dashboard,DashboardPage,ContextBreakdownPanel,message_details_conversation_history,"Conversation history",,active
dashboard.context_breakdown.message_details.assistant_response,dashboard,DashboardPage,ContextBreakdownPanel,message_details_assistant_response,"Assistant response",,active
dashboard.context_breakdown.exec_details.title,dashboard,DashboardPage,ContextBreakdownPanel,exec_details_title,"Exec command details",,active
dashboard.context_breakdown.exec_details.kind_column,dashboard,DashboardPage,ContextBreakdownPanel,exec_details_kind_column,"Type",,active
dashboard.context_breakdown.exec_details.calls_column,dashboard,DashboardPage,ContextBreakdownPanel,exec_details_calls_column,"Calls",,active
dashboard.context_breakdown.exec_details.failures_column,dashboard,DashboardPage,ContextBreakdownPanel,exec_details_failures_column,"Fail",,active
dashboard.context_breakdown.exec_details.duration_column,dashboard,DashboardPage,ContextBreakdownPanel,exec_details_duration_column,"Duration",,active
dashboard.context_breakdown.exec_details.max_duration_column,dashboard,DashboardPage,ContextBreakdownPanel,exec_details_max_duration_column,"Max",,active
dashboard.context_breakdown.exec_details.output_column,dashboard,DashboardPage,ContextBreakdownPanel,exec_details_output_column,"Lines",,active
dashboard.context_breakdown.exec_details.group_by_type,dashboard,DashboardPage,ContextBreakdownPanel,exec_details_group_by_type,"By type",,active
dashboard.context_breakdown.exec_details.group_by_executable,dashboard,DashboardPage,ContextBreakdownPanel,exec_details_group_by_executable,"Executable",,active
dashboard.context_breakdown.exec_details.group_by_command,dashboard,DashboardPage,ContextBreakdownPanel,exec_details_group_by_command,"Command",,active
dashboard.context_breakdown.exec_details.group_by_duration,dashboard,DashboardPage,ContextBreakdownPanel,exec_details_group_by_duration,"Duration",,active
dashboard.context_breakdown.exec_details.group_by_output,dashboard,DashboardPage,ContextBreakdownPanel,exec_details_group_by_output,"Output",,active
dashboard.context_breakdown.exec_details.group_by_exit,dashboard,DashboardPage,ContextBreakdownPanel,exec_details_group_by_exit,"By exit",,active
